BEGIN TRANSACTION;
CREATE TABLE decks (
    deck_id INTEGER PRIMARY KEY AUTOINCREMENT,
    deck_name TEXT NOT NULL,
    player_id INTEGER, -- This represents the "Owner"
    FOREIGN KEY (player_id) REFERENCES players(player_id)
);
INSERT INTO "decks" VALUES(1,'Tymna + Dargo',1);
INSERT INTO "decks" VALUES(2,'Ral, Monsoon Mage',1);
INSERT INTO "decks" VALUES(3,'Maralen, Fae Ascendant',1);
INSERT INTO "decks" VALUES(4,'Akiri + Silas',1);
INSERT INTO "decks" VALUES(5,'Merry + Pippin',1);
INSERT INTO "decks" VALUES(6,'Alela, Cunning Conqueror',1);
INSERT INTO "decks" VALUES(7,'Abdel Adrian, Gorion''s Ward',1);
INSERT INTO "decks" VALUES(8,'Rootha, Mastering the Moment',1);
INSERT INTO "decks" VALUES(9,'Octavia, Living Thesis',1);
INSERT INTO "decks" VALUES(10,'Gut, True Soul Zealot',1);
INSERT INTO "decks" VALUES(11,'Stella Lee, Wild Card',1);
INSERT INTO "decks" VALUES(12,'Yuma, Proud Protector',1);
INSERT INTO "decks" VALUES(13,'Green Goblin',1);
INSERT INTO "decks" VALUES(14,'Ms. Bumbleflower',1);
INSERT INTO "decks" VALUES(15,'Mirko, Obsessive Theorist',1);
INSERT INTO "decks" VALUES(16,'Zimone and Dina',1);
INSERT INTO "decks" VALUES(17,'Marchesa, Dealer of Death',1);
INSERT INTO "decks" VALUES(18,'Leonardo, the Balance',1);
INSERT INTO "decks" VALUES(19,'Michelangelo + Donatello',1);
INSERT INTO "decks" VALUES(20,'Rionya, Fire Dancer',1);
INSERT INTO "decks" VALUES(21,'Killian, Ink Duelist',1);
INSERT INTO "decks" VALUES(22,'Ashling, Flame Dancer',1);
INSERT INTO "decks" VALUES(23,'Omnath, Locus of Creation',1);
INSERT INTO "decks" VALUES(24,'Jon Irenicus, Shattered One',2);
INSERT INTO "decks" VALUES(25,'Grolnok, the Omnivore',2);
INSERT INTO "decks" VALUES(26,'Baru, Wurmspeaker',2);
INSERT INTO "decks" VALUES(27,'Karumonix, the Rat King',2);
INSERT INTO "decks" VALUES(28,'Liberty Prime, Recharged',2);
INSERT INTO "decks" VALUES(29,'The Colossal Dreadmaw',2);
INSERT INTO "decks" VALUES(30,'Lucius the Eternal',2);
INSERT INTO "decks" VALUES(31,'Hogaak, Arisen Necropolis',2);
INSERT INTO "decks" VALUES(32,'Patron of the Moon',2);
INSERT INTO "decks" VALUES(33,'Sidisi, Undead Vizier',2);
INSERT INTO "decks" VALUES(34,'Muddle, the Ever-Changing',2);
INSERT INTO "decks" VALUES(35,'Phelddagrif',2);
INSERT INTO "decks" VALUES(36,'Dogmeat, Ever Loyal',2);
INSERT INTO "decks" VALUES(37,'Deathleaper, Terror Weapon',2);
INSERT INTO "decks" VALUES(38,'Belisarius Cawl',2);
INSERT INTO "decks" VALUES(39,'Imotekh the Stormlord',2);
INSERT INTO "decks" VALUES(40,'Shadowheart, Dark Justiciar',2);
INSERT INTO "decks" VALUES(41,'Tayam, Luminous Enigma',2);
INSERT INTO "decks" VALUES(42,'The Master, Transcendent',2);
INSERT INTO "decks" VALUES(43,'Sliver Legion',2);
INSERT INTO "decks" VALUES(44,'Magus Lucea Kane',2);
INSERT INTO "decks" VALUES(45,'Magnus the Red',2);
INSERT INTO "decks" VALUES(46,'King of the Oathbreakers',2);
INSERT INTO "decks" VALUES(47,'Feather, Radiant Arbiter',2);
INSERT INTO "decks" VALUES(48,'Raggadragga, Goreguts Boss',2);
INSERT INTO "decks" VALUES(49,'Neriv, Crackling Vanguard',2);
INSERT INTO "decks" VALUES(50,'Mortarion, Daemon Primarch',2);
INSERT INTO "decks" VALUES(51,'Be''lakor, the Dark Master',2);
INSERT INTO "decks" VALUES(52,'Brigid, Clachan''s Heart',2);
INSERT INTO "decks" VALUES(53,'Captain N''ghathrod',2);
INSERT INTO "decks" VALUES(54,'Anrakyr the Traveller',2);
INSERT INTO "decks" VALUES(55,'Kadena, Slinking Sorcerer',2);
INSERT INTO "decks" VALUES(56,'Minwu, White Mage',2);
INSERT INTO "decks" VALUES(57,'Marwyn, the Nurturer',2);
INSERT INTO "decks" VALUES(58,'Marneus Calgar',2);
INSERT INTO "decks" VALUES(59,'Karlach, Fury of Avernus',2);
INSERT INTO "decks" VALUES(60,'Sin, Spira''s Punishment',2);
INSERT INTO "decks" VALUES(61,'Slinza, the Spiked Stampede',2);
INSERT INTO "decks" VALUES(62,'The Red Terror',2);
INSERT INTO "decks" VALUES(63,'Thelon of Havenwood',2);
INSERT INTO "decks" VALUES(64,'Zaxara, the Exemplary',3);
INSERT INTO "decks" VALUES(65,'Betor, Ancestor''s Voice',3);
INSERT INTO "decks" VALUES(66,'Obuun, Mul Daya Ancestor',3);
INSERT INTO "decks" VALUES(67,'Katara, the Fearless',3);
INSERT INTO "decks" VALUES(68,'Lorehold, the Historian',3);
INSERT INTO "decks" VALUES(69,'Brimaz, Blight of Oreskos',3);
INSERT INTO "decks" VALUES(70,'Y''shtola, Night''s Blessed',3);
INSERT INTO "decks" VALUES(71,'The Ur-Dragon',3);
INSERT INTO "decks" VALUES(72,'Hearthhull, the Worldseed',3);
INSERT INTO "decks" VALUES(73,'Kellan, the Kid',3);
INSERT INTO "decks" VALUES(74,'Eriette of the Charmed Apple',3);
INSERT INTO "decks" VALUES(75,'Ashling, the Limitless',3);
INSERT INTO "decks" VALUES(76,'Sovereign Okinec Ahau',3);
INSERT INTO "decks" VALUES(77,'Otrimi, the Ever-Playful',3);
INSERT INTO "decks" VALUES(78,'Mendicant Core, Guidelight',3);
INSERT INTO "decks" VALUES(79,'Golbez, Crystal Collector',3);
INSERT INTO "decks" VALUES(80,'Ardbert, Warrior of Darkness',3);
INSERT INTO "decks" VALUES(81,'Jarad, Golgari Lich Lord',3);
INSERT INTO "decks" VALUES(82,'The Emperor of Palamecia',3);
INSERT INTO "decks" VALUES(83,'Adrix and Nev, Twincasters',3);
INSERT INTO "decks" VALUES(84,'Okaun + Zndrsplt',3);
INSERT INTO "decks" VALUES(85,'Kresh the Bloodbraided',3);
INSERT INTO "decks" VALUES(86,'Muldrotha, the Gravetide',3);
INSERT INTO "decks" VALUES(87,'Omo, Queen of Vesuva',3);
INSERT INTO "decks" VALUES(88,'Henzie "Toolbox" Torre',3);
INSERT INTO "decks" VALUES(89,'Myrkul, Lord of Bones',3);
INSERT INTO "decks" VALUES(90,'Blue + Owen',3);
INSERT INTO "decks" VALUES(91,'Killian, Decisive Mentor',3);
INSERT INTO "decks" VALUES(92,'Obeka, Splitter of Seconds',3);
INSERT INTO "decks" VALUES(93,'Sidisi, Brood Tyrant',3);
INSERT INTO "decks" VALUES(94,'Terra, Magical Adept (Kellen)',3);
INSERT INTO "decks" VALUES(95,'The Lord of Pain',3);
INSERT INTO "decks" VALUES(96,'Zimone, Infinite Analyst',3);
INSERT INTO "decks" VALUES(97,'Vial Smasher + Kydele',4);
INSERT INTO "decks" VALUES(98,'Optimus Prime, Hero',4);
INSERT INTO "decks" VALUES(99,'Dr. Eggman',4);
INSERT INTO "decks" VALUES(100,'Clive, Ifrit''s Dominant',4);
INSERT INTO "decks" VALUES(101,'The Reaper, King No More',4);
INSERT INTO "decks" VALUES(102,'Terra, Magical Adept (Alex)',4);
INSERT INTO "decks" VALUES(103,'Grimlock, Dinobot Leader',4);
INSERT INTO "decks" VALUES(104,'Quintorius, History Chaser (Alex)',4);
INSERT INTO "decks" VALUES(105,'Amazing Spider-Man',4);
INSERT INTO "decks" VALUES(106,'Black Cat, Cunning Thief',4);
INSERT INTO "decks" VALUES(107,'Zoraline, Cosmos Caller',4);
INSERT INTO "decks" VALUES(108,'Tifa, Martial Artist',4);
INSERT INTO "decks" VALUES(109,'Yarok, the Desecrated',4);
INSERT INTO "decks" VALUES(110,'Tura Kennerud',4);
INSERT INTO "decks" VALUES(111,'Dina, Essence Brewer (Alex)',4);
INSERT INTO "decks" VALUES(112,'Anti-Venom, Horrifying Healer',4);
INSERT INTO "decks" VALUES(113,'Liliana, Heretical Healer',4);
INSERT INTO "decks" VALUES(114,'Gev, Scaled Scorch',4);
INSERT INTO "decks" VALUES(115,'Shadrix Silverquill',4);
INSERT INTO "decks" VALUES(116,'Prosper, Tome-Bound',4);
INSERT INTO "decks" VALUES(117,'Karador, Ghost Chieftain',4);
INSERT INTO "decks" VALUES(118,'Inspirit, Flagship Vessel',4);
INSERT INTO "decks" VALUES(119,'Thantis, the Warweaver',4);
INSERT INTO "decks" VALUES(120,'Cloud, Ex-SOLDIER',4);
INSERT INTO "decks" VALUES(121,'Ashnod the Uncaring',4);
INSERT INTO "decks" VALUES(122,'Chulane, Teller of Tales',4);
INSERT INTO "decks" VALUES(123,'Eirdu, Carrier of Dawn',4);
INSERT INTO "decks" VALUES(124,'Reaper King',4);
INSERT INTO "decks" VALUES(125,'Kuja, Genome Sorcerer',4);
INSERT INTO "decks" VALUES(126,'Nicol Bolas, the Ravager',4);
INSERT INTO "decks" VALUES(127,'Hakbal of the Surging Soul',4);
INSERT INTO "decks" VALUES(128,'Felix Five Boots',4);
INSERT INTO "decks" VALUES(129,'Iroh, Grand Lotus',4);
INSERT INTO "decks" VALUES(130,'Kasla, the Broken Halo',4);
INSERT INTO "decks" VALUES(131,'Rendmaw, Creaking Nest',4);
INSERT INTO "decks" VALUES(132,'Teval, the Balanced Scale',4);
INSERT INTO "decks" VALUES(133,'Sefris of the Hidden Ways',4);
INSERT INTO "decks" VALUES(134,'Syr Gwyn, Hero of Ashvale',4);
INSERT INTO "decks" VALUES(135,'The Swarmweaver',4);
INSERT INTO "decks" VALUES(136,'Toph, Hardheaded Teacher',4);
INSERT INTO "decks" VALUES(137,'Ulalek, Fused Atrocity',4);
INSERT INTO "decks" VALUES(138,'Uro, Titan of Nature''s Wrath',4);
INSERT INTO "decks" VALUES(139,'High Perfect Morcant',4);
INSERT INTO "decks" VALUES(140,'Evra, Halcyon Witness',4);
INSERT INTO "decks" VALUES(141,'Sorin of House Markov',5);
INSERT INTO "decks" VALUES(142,'Dina, Essence Brewer (Rohan)',6);
INSERT INTO "decks" VALUES(143,'Quintorius, History Chaser (Rohan)',6);
INSERT INTO "decks" VALUES(144,'Wilson, Refined Grizzly',7);
INSERT INTO "decks" VALUES(145,'Chatterfang, Squirrel General',7);
INSERT INTO "decks" VALUES(146,'Elenda, the Dusk Rose',8);
INSERT INTO "decks" VALUES(147,'Isshin, Two Heavens as One',8);
INSERT INTO "decks" VALUES(148,'Xenagos, God of Revels',8);
INSERT INTO "decks" VALUES(149,'Bruna, the Fading Light',4);
INSERT INTO "decks" VALUES(150,'Sanar, Unfinished Genius',1);
INSERT INTO "decks" VALUES(151,'Zada, Hedron Grinder',3);
INSERT INTO "decks" VALUES(152,'Momo, Friendly Flier',4);
INSERT INTO "decks" VALUES(153,'Arcades, the Strategist',4);
INSERT INTO "decks" VALUES(154,'Terra, Herald of Hope',4);
INSERT INTO "decks" VALUES(155,'Tidus, Yuna''s Guardian',3);
INSERT INTO "decks" VALUES(156,'Inalla, Archmage Ritualist',4);
INSERT INTO "decks" VALUES(157,'Niko, Light of Hope',1);
CREATE TABLE games (
    game_id INTEGER PRIMARY KEY AUTOINCREMENT,
    game_date DATE,
    first_blood_turn INTEGER,
    end_turn INTEGER,
    win_condition TEXT
, game_number INTEGER);
INSERT INTO "games" VALUES(1,'2025-11-15',11,11,'Burn',1);
INSERT INTO "games" VALUES(2,'2025-11-15',11,11,'Combat',2);
INSERT INTO "games" VALUES(3,'2025-11-15',5,5,'Burn',3);
INSERT INTO "games" VALUES(4,'2025-11-15',9,9,'Burn',4);
INSERT INTO "games" VALUES(5,'2025-11-25',7,12,'Burn',5);
INSERT INTO "games" VALUES(6,'2025-11-25',7,10,'Combat',6);
INSERT INTO "games" VALUES(7,'2025-11-25',10,10,'Ping',7);
INSERT INTO "games" VALUES(8,'2025-11-25',11,11,'Combat',8);
INSERT INTO "games" VALUES(9,'2025-11-30',11,11,'Combat',9);
INSERT INTO "games" VALUES(10,'2025-11-30',8,8,'Ping',10);
INSERT INTO "games" VALUES(11,'2025-11-30',10,11,'Combat',11);
INSERT INTO "games" VALUES(12,'2025-12-16',7,7,'Burn',12);
INSERT INTO "games" VALUES(14,'2025-12-16',11,12,'Combat',13);
INSERT INTO "games" VALUES(15,'2025-12-16',7,8,'Combat',14);
INSERT INTO "games" VALUES(16,'2025-12-18',12,13,'Ping',15);
INSERT INTO "games" VALUES(17,'2025-12-18',8,9,'Combat',16);
INSERT INTO "games" VALUES(18,'2025-12-18',11,11,'Burn',17);
INSERT INTO "games" VALUES(19,'2026-01-03',11,11,'Combat',18);
INSERT INTO "games" VALUES(20,'2026-01-03',12,12,'Ping',19);
INSERT INTO "games" VALUES(21,'2026-01-03',6,6,'Combat',20);
INSERT INTO "games" VALUES(22,'2026-01-03',7,8,'Combat',21);
INSERT INTO "games" VALUES(26,'2026-01-03',8,8,'Combat',22);
INSERT INTO "games" VALUES(27,'2026-01-09',13,14,'Combat',23);
INSERT INTO "games" VALUES(28,'2026-01-09',10,10,'Combat',24);
INSERT INTO "games" VALUES(29,'2026-01-09',10,11,'Combat',25);
INSERT INTO "games" VALUES(30,'2026-01-10',10,11,'Combat',26);
INSERT INTO "games" VALUES(31,'2026-01-10',8,11,'Combat',27);
INSERT INTO "games" VALUES(32,'2026-01-10',10,16,'Combat',28);
INSERT INTO "games" VALUES(33,'2026-01-19',12,12,'Burn',29);
INSERT INTO "games" VALUES(34,'2026-01-19',11,11,'Combat',30);
INSERT INTO "games" VALUES(35,'2026-01-19',8,9,'Combat',31);
INSERT INTO "games" VALUES(36,'2026-01-19',6,7,'Combat',32);
INSERT INTO "games" VALUES(37,'2026-01-23',10,11,'Burn',33);
INSERT INTO "games" VALUES(38,'2026-01-23',8,9,'Burn',34);
INSERT INTO "games" VALUES(39,'2026-01-23',9,10,'Combat',35);
INSERT INTO "games" VALUES(40,'2026-01-23',8,11,'Combat',36);
INSERT INTO "games" VALUES(41,'2026-01-23',6,7,'Combat',37);
INSERT INTO "games" VALUES(42,'2026-01-23',8,8,'Combat',38);
INSERT INTO "games" VALUES(43,'2026-01-23',9,10,'Burn',39);
INSERT INTO "games" VALUES(44,'2026-01-23',10,10,'Combat',40);
INSERT INTO "games" VALUES(45,'2026-02-01',9,9,'Burn',41);
INSERT INTO "games" VALUES(46,'2026-02-01',9,11,'Combat',42);
INSERT INTO "games" VALUES(47,'2026-02-01',10,10,'Combat',43);
INSERT INTO "games" VALUES(48,'2026-02-01',10,11,'Combat',44);
INSERT INTO "games" VALUES(49,'2026-02-06',11,12,'Combat',45);
INSERT INTO "games" VALUES(50,'2026-02-06',10,13,'Ping',46);
INSERT INTO "games" VALUES(51,'2026-02-20',11,12,'Combat',51);
INSERT INTO "games" VALUES(52,'2026-02-20',12,13,'Mill',52);
INSERT INTO "games" VALUES(53,'2026-02-20',7,7,'Ping',53);
INSERT INTO "games" VALUES(54,'2026-02-20',14,15,'Combat',54);
INSERT INTO "games" VALUES(55,'2026-02-26',11,12,'Combat',55);
INSERT INTO "games" VALUES(56,'2026-02-26',10,10,'Ping',56);
INSERT INTO "games" VALUES(59,'2026-02-26',11,13,'Combat',57);
INSERT INTO "games" VALUES(60,'2026-02-27',9,9,'Ping',58);
INSERT INTO "games" VALUES(61,'2026-02-27',11,11,'Ping',59);
INSERT INTO "games" VALUES(62,'2026-02-27',8,8,'Ping',60);
INSERT INTO "games" VALUES(63,'2026-03-03',8,8,'Combat',61);
INSERT INTO "games" VALUES(64,'2026-03-03',9,12,'Combat',62);
INSERT INTO "games" VALUES(65,2026,7,7,'Combat',63);
INSERT INTO "games" VALUES(66,'2026-03-03',10,10,'Ping',64);
INSERT INTO "games" VALUES(67,'2026-03-07',8,8,'Ping',65);
INSERT INTO "games" VALUES(68,'2026-03-07',10,11,'Combat',66);
INSERT INTO "games" VALUES(69,'2026-03-14',12,12,'Burn',67);
INSERT INTO "games" VALUES(70,'2026-03-14',7,9,'Combat',68);
INSERT INTO "games" VALUES(71,'2026-03-14',7,8,'Combat',69);
INSERT INTO "games" VALUES(72,'2026-03-14',9,10,'Combat',70);
INSERT INTO "games" VALUES(73,'2026-03-14',8,10,'Alternate Win Con',71);
INSERT INTO "games" VALUES(74,'2026-03-14',9,11,'Combat',72);
INSERT INTO "games" VALUES(75,'2026-03-14',7,7,'Combat',73);
INSERT INTO "games" VALUES(76,'2026-03-20',12,14,'Mill',74);
INSERT INTO "games" VALUES(77,'2026-03-20',12,12,'Ping',75);
INSERT INTO "games" VALUES(78,'2026-03-20',8,9,'Combat',76);
INSERT INTO "games" VALUES(79,'2026-03-21',8,9,'Combat',77);
INSERT INTO "games" VALUES(80,'2026-03-21',7,11,'Ping',78);
INSERT INTO "games" VALUES(81,'2026-03-21',7,7,'Combat',79);
INSERT INTO "games" VALUES(82,'2026-03-21',10,15,'Combat',80);
INSERT INTO "games" VALUES(83,'2026-03-21',8,9,'Combat',81);
INSERT INTO "games" VALUES(84,'2026-03-26',9,10,'Ping',82);
INSERT INTO "games" VALUES(88,'2026-03-26',11,14,'Combat',83);
INSERT INTO "games" VALUES(89,'2026-03-26',10,10,'Ping',84);
INSERT INTO "games" VALUES(90,'2026-03-28',15,15,'Combat',85);
INSERT INTO "games" VALUES(91,'2026-03-28',8,15,'Combat',86);
INSERT INTO "games" VALUES(92,'2026-03-28',9,10,'Combat',87);
INSERT INTO "games" VALUES(93,'2026-04-02',9,9,'Ping',88);
INSERT INTO "games" VALUES(94,'2026-04-02',7,7,'Combat',89);
INSERT INTO "games" VALUES(95,'2026-04-02',7,10,'Combat',90);
INSERT INTO "games" VALUES(96,'2026-04-02',9,12,'Combat',91);
INSERT INTO "games" VALUES(97,'2026-04-02',9,9,'Combat',92);
INSERT INTO "games" VALUES(98,'2026-04-02',8,12,'Combat',93);
INSERT INTO "games" VALUES(99,'2026-04-03',11,12,'Combat',94);
INSERT INTO "games" VALUES(100,'2026-04-03',12,12,'Combat',95);
INSERT INTO "games" VALUES(101,'2026-04-03',10,10,'Combat',96);
INSERT INTO "games" VALUES(102,'2026-04-03',10,10,'Ping',97);
INSERT INTO "games" VALUES(103,'2026-04-03',11,18,'Combat',98);
INSERT INTO "games" VALUES(104,'2026-04-09',6,6,'Ping',99);
INSERT INTO "games" VALUES(105,'2026-04-09',11,12,'Ping',100);
INSERT INTO "games" VALUES(106,'2026-04-09',9,10,'Burn',101);
INSERT INTO "games" VALUES(107,'2026-04-10',12,12,'Ping',102);
INSERT INTO "games" VALUES(108,'2026-04-10',7,12,'Combat',103);
INSERT INTO "games" VALUES(109,'2026-04-10',9,11,'Combat',104);
INSERT INTO "games" VALUES(110,'2026-04-11',9,9,'Ping',105);
INSERT INTO "games" VALUES(111,'2026-04-15',11,12,'Combat',106);
INSERT INTO "games" VALUES(112,'2026-04-15',8,9,'Combat',107);
INSERT INTO "games" VALUES(113,'2026-04-15',11,12,'Combat',108);
INSERT INTO "games" VALUES(114,'2026-04-15',8,11,'Combat',109);
INSERT INTO "games" VALUES(115,'2026-04-15',10,13,'Combat',110);
INSERT INTO "games" VALUES(116,'2026-04-15',8,8,'Combat',111);
INSERT INTO "games" VALUES(117,'2026-04-15',11,12,'Combat',112);
INSERT INTO "games" VALUES(118,'2026-04-17',11,12,'Burn',113);
INSERT INTO "games" VALUES(119,'2026-04-17',9,9,'Ping',114);
INSERT INTO "games" VALUES(120,'2026-04-17',10,10,'Combat',115);
INSERT INTO "games" VALUES(121,'2026-04-19',9,11,'Combat',116);
INSERT INTO "games" VALUES(122,'2026-04-23',9,14,'Burn',117);
INSERT INTO "games" VALUES(123,'2026-04-23',9,11,'Burn',118);
INSERT INTO "games" VALUES(124,'2026-04-23',9,10,'Combat',119);
INSERT INTO "games" VALUES(125,'2026-04-24',9,9,'Ping',120);
INSERT INTO "games" VALUES(126,'2026-04-24',8,10,'Ping',121);
INSERT INTO "games" VALUES(127,'2026-04-24',9,9,'Combat',122);
INSERT INTO "games" VALUES(128,'2026-04-24',8,9,'Ping',123);
INSERT INTO "games" VALUES(129,'2026-04-24',7,8,'Combat',124);
INSERT INTO "games" VALUES(130,'2026-04-24',9,9,'Combat',125);
INSERT INTO "games" VALUES(131,'2026-04-24',8,8,'Combat',126);
INSERT INTO "games" VALUES(132,'2026-04-25',9,13,'Combat',127);
INSERT INTO "games" VALUES(133,'2026-04-25',9,13,'Combat',128);
INSERT INTO "games" VALUES(134,'2026-04-25',10,10,'Combat',129);
INSERT INTO "games" VALUES(135,'2026-04-30',10,10,'Combat',130);
INSERT INTO "games" VALUES(136,'2026-05-01',8,13,'Combat',131);
INSERT INTO "games" VALUES(137,'2026-05-01',9,9,'Ping',132);
INSERT INTO "games" VALUES(138,'2026-05-01',10,10,'Combat',133);
INSERT INTO "games" VALUES(139,'2026-05-01',7,8,'Combat',134);
INSERT INTO "games" VALUES(141,'2026-05-01',7,8,'Combat',135);
INSERT INTO "games" VALUES(142,'2026-05-01',9,10,'Combat',136);
INSERT INTO "games" VALUES(143,'2026-05-01',6,6,'Ping',137);
INSERT INTO "games" VALUES(144,'2026-05-02',8,13,'Combat',138);
INSERT INTO "games" VALUES(145,'2026-05-02',6,6,'Combat',139);
INSERT INTO "games" VALUES(146,'2026-05-02',8,9,'Combat',140);
INSERT INTO "games" VALUES(147,'2026-02-13',7,8,'Burn',47);
INSERT INTO "games" VALUES(148,'2026-02-13',8,10,'Burn',48);
INSERT INTO "games" VALUES(149,'2026-02-13',12,13,'Combat',49);
INSERT INTO "games" VALUES(150,'2026-02-13',12,14,'Combat',50);
INSERT INTO "games" VALUES(151,'2026-05-08',11,12,'Mill',141);
INSERT INTO "games" VALUES(152,'2026-05-08',6,10,'Burn',142);
INSERT INTO "games" VALUES(153,'2026-05-08',7,9,'Combat',143);
INSERT INTO "games" VALUES(154,'2026-05-10',10,12,'Burn',144);
INSERT INTO "games" VALUES(155,'2026-05-10',10,11,'Combat',145);
INSERT INTO "games" VALUES(156,'2026-05-11',10,14,'Combat',146);
INSERT INTO "games" VALUES(157,'2026-05-15',13,15,'Burn',147);
INSERT INTO "games" VALUES(158,'2026-05-15',11,11,'Combat',148);
INSERT INTO "games" VALUES(159,'2026-05-15',11,11,'Burn',149);
INSERT INTO "games" VALUES(160,'2026-05-15',9,9,'Ping',150);
INSERT INTO "games" VALUES(161,'2026-05-16',9,10,'Combat',151);
INSERT INTO "games" VALUES(162,'2026-05-16',7,8,'Combat',152);
INSERT INTO "games" VALUES(163,'2026-05-16',10,11,'Combat',153);
INSERT INTO "games" VALUES(164,'2026-05-16',8,8,'Combat',154);
INSERT INTO "games" VALUES(165,'2026-05-16',7,10,'Combat',155);
INSERT INTO "games" VALUES(166,'2026-05-20',11,11,'Combat',156);
INSERT INTO "games" VALUES(167,'2026-05-20',10,11,'Combat',157);
CREATE TABLE participants (
    participant_id INTEGER PRIMARY KEY AUTOINCREMENT,
    player_id INTEGER,
    game_id INTEGER,
    deck_id INTEGER,
    is_winner INTEGER, -- Use 1 for True, 0 for False
    turn_order INTEGER, -- Added this so you can track turn order stats!
    FOREIGN KEY (player_id) REFERENCES players(player_id),
    FOREIGN KEY (game_id) REFERENCES games(game_id),
    FOREIGN KEY (deck_id) REFERENCES decks(deck_id)
);
INSERT INTO "participants" VALUES(1,3,1,70,1,1);
INSERT INTO "participants" VALUES(2,2,1,38,0,2);
INSERT INTO "participants" VALUES(3,4,1,128,0,3);
INSERT INTO "participants" VALUES(4,1,1,9,0,4);
INSERT INTO "participants" VALUES(5,1,2,6,1,1);
INSERT INTO "participants" VALUES(6,3,2,80,0,2);
INSERT INTO "participants" VALUES(7,2,2,38,0,3);
INSERT INTO "participants" VALUES(8,4,2,137,0,4);
INSERT INTO "participants" VALUES(9,2,3,41,1,1);
INSERT INTO "participants" VALUES(10,4,3,98,0,2);
INSERT INTO "participants" VALUES(11,1,3,7,0,3);
INSERT INTO "participants" VALUES(12,3,3,86,0,4);
INSERT INTO "participants" VALUES(13,3,4,86,0,1);
INSERT INTO "participants" VALUES(14,2,4,41,1,2);
INSERT INTO "participants" VALUES(15,4,4,98,0,3);
INSERT INTO "participants" VALUES(16,1,4,7,0,4);
INSERT INTO "participants" VALUES(17,3,5,72,0,1);
INSERT INTO "participants" VALUES(18,2,5,42,1,2);
INSERT INTO "participants" VALUES(19,7,5,144,0,3);
INSERT INTO "participants" VALUES(20,1,5,16,0,4);
INSERT INTO "participants" VALUES(21,3,6,69,0,1);
INSERT INTO "participants" VALUES(22,2,6,37,0,2);
INSERT INTO "participants" VALUES(23,4,6,97,0,3);
INSERT INTO "participants" VALUES(24,1,6,4,0,4);
INSERT INTO "participants" VALUES(25,6,6,23,1,5);
INSERT INTO "participants" VALUES(26,6,7,86,0,1);
INSERT INTO "participants" VALUES(27,3,7,66,0,2);
INSERT INTO "participants" VALUES(28,2,7,36,0,3);
INSERT INTO "participants" VALUES(29,4,7,126,1,4);
INSERT INTO "participants" VALUES(30,1,7,4,0,5);
INSERT INTO "participants" VALUES(31,6,8,6,0,1);
INSERT INTO "participants" VALUES(32,3,8,71,1,2);
INSERT INTO "participants" VALUES(33,1,8,16,0,3);
INSERT INTO "participants" VALUES(34,2,9,25,0,1);
INSERT INTO "participants" VALUES(35,4,9,118,0,2);
INSERT INTO "participants" VALUES(36,1,9,7,1,3);
INSERT INTO "participants" VALUES(37,3,10,65,0,1);
INSERT INTO "participants" VALUES(38,2,10,24,0,2);
INSERT INTO "participants" VALUES(39,4,10,132,0,3);
INSERT INTO "participants" VALUES(40,1,10,11,1,4);
INSERT INTO "participants" VALUES(41,2,11,29,0,1);
INSERT INTO "participants" VALUES(42,4,11,110,1,2);
INSERT INTO "participants" VALUES(43,1,11,4,0,3);
INSERT INTO "participants" VALUES(44,3,11,65,0,4);
INSERT INTO "participants" VALUES(45,2,12,32,0,1);
INSERT INTO "participants" VALUES(46,7,12,145,0,2);
INSERT INTO "participants" VALUES(47,1,12,22,1,3);
INSERT INTO "participants" VALUES(48,6,12,12,0,4);
INSERT INTO "participants" VALUES(53,7,14,144,0,1);
INSERT INTO "participants" VALUES(54,1,14,15,1,2);
INSERT INTO "participants" VALUES(55,6,14,26,0,3);
INSERT INTO "participants" VALUES(56,2,14,48,0,4);
INSERT INTO "participants" VALUES(57,7,15,144,0,1);
INSERT INTO "participants" VALUES(58,1,15,9,0,2);
INSERT INTO "participants" VALUES(59,6,15,11,0,3);
INSERT INTO "participants" VALUES(60,2,15,50,1,4);
INSERT INTO "participants" VALUES(61,3,16,78,0,1);
INSERT INTO "participants" VALUES(62,4,16,107,1,2);
INSERT INTO "participants" VALUES(63,1,16,15,0,3);
INSERT INTO "participants" VALUES(64,2,16,61,0,4);
INSERT INTO "participants" VALUES(65,1,17,16,1,1);
INSERT INTO "participants" VALUES(66,2,17,26,0,2);
INSERT INTO "participants" VALUES(67,3,17,67,0,3);
INSERT INTO "participants" VALUES(68,4,17,108,0,4);
INSERT INTO "participants" VALUES(69,1,18,9,0,1);
INSERT INTO "participants" VALUES(70,2,18,26,0,2);
INSERT INTO "participants" VALUES(71,3,18,81,1,3);
INSERT INTO "participants" VALUES(72,4,18,108,0,4);
INSERT INTO "participants" VALUES(73,1,19,6,1,1);
INSERT INTO "participants" VALUES(74,3,19,64,0,2);
INSERT INTO "participants" VALUES(75,4,19,135,0,3);
INSERT INTO "participants" VALUES(76,2,19,56,0,4);
INSERT INTO "participants" VALUES(77,4,20,133,0,1);
INSERT INTO "participants" VALUES(78,2,20,39,0,2);
INSERT INTO "participants" VALUES(79,1,20,1,1,3);
INSERT INTO "participants" VALUES(80,3,20,85,0,4);
INSERT INTO "participants" VALUES(81,3,21,67,0,1);
INSERT INTO "participants" VALUES(82,4,21,127,0,2);
INSERT INTO "participants" VALUES(83,2,21,43,1,3);
INSERT INTO "participants" VALUES(84,1,21,21,0,4);
INSERT INTO "participants" VALUES(85,4,22,125,0,1);
INSERT INTO "participants" VALUES(86,2,22,29,0,2);
INSERT INTO "participants" VALUES(87,1,22,15,1,3);
INSERT INTO "participants" VALUES(88,3,22,73,0,4);
INSERT INTO "participants" VALUES(98,4,26,97,1,1);
INSERT INTO "participants" VALUES(99,2,26,44,0,2);
INSERT INTO "participants" VALUES(100,1,26,7,0,3);
INSERT INTO "participants" VALUES(101,3,26,77,0,4);
INSERT INTO "participants" VALUES(102,4,27,119,1,1);
INSERT INTO "participants" VALUES(103,1,27,1,0,2);
INSERT INTO "participants" VALUES(104,3,27,79,0,3);
INSERT INTO "participants" VALUES(105,2,27,25,0,4);
INSERT INTO "participants" VALUES(106,2,28,51,0,1);
INSERT INTO "participants" VALUES(107,4,28,99,0,2);
INSERT INTO "participants" VALUES(108,1,28,16,1,3);
INSERT INTO "participants" VALUES(109,3,28,76,0,4);
INSERT INTO "participants" VALUES(110,2,29,36,0,1);
INSERT INTO "participants" VALUES(111,4,29,115,0,2);
INSERT INTO "participants" VALUES(112,1,29,9,0,3);
INSERT INTO "participants" VALUES(113,3,29,67,1,4);
INSERT INTO "participants" VALUES(114,2,30,55,0,1);
INSERT INTO "participants" VALUES(115,4,30,99,0,2);
INSERT INTO "participants" VALUES(116,1,30,1,1,3);
INSERT INTO "participants" VALUES(117,3,30,82,0,4);
INSERT INTO "participants" VALUES(118,3,31,89,0,1);
INSERT INTO "participants" VALUES(119,2,31,38,0,2);
INSERT INTO "participants" VALUES(120,4,31,114,0,3);
INSERT INTO "participants" VALUES(121,1,31,4,1,4);
INSERT INTO "participants" VALUES(122,4,32,130,0,1);
INSERT INTO "participants" VALUES(123,1,32,12,1,2);
INSERT INTO "participants" VALUES(124,3,32,66,0,3);
INSERT INTO "participants" VALUES(125,2,32,58,0,4);
INSERT INTO "participants" VALUES(126,3,33,75,1,1);
INSERT INTO "participants" VALUES(127,4,33,112,0,2);
INSERT INTO "participants" VALUES(128,2,33,31,0,3);
INSERT INTO "participants" VALUES(129,5,33,9,0,4);
INSERT INTO "participants" VALUES(130,3,34,73,0,1);
INSERT INTO "participants" VALUES(131,4,34,129,0,2);
INSERT INTO "participants" VALUES(132,2,34,30,0,3);
INSERT INTO "participants" VALUES(133,1,34,6,1,4);
INSERT INTO "participants" VALUES(134,1,35,7,1,1);
INSERT INTO "participants" VALUES(135,3,35,83,0,2);
INSERT INTO "participants" VALUES(136,4,35,98,0,3);
INSERT INTO "participants" VALUES(137,2,35,57,0,4);
INSERT INTO "participants" VALUES(138,3,36,78,1,1);
INSERT INTO "participants" VALUES(139,4,36,114,0,2);
INSERT INTO "participants" VALUES(140,2,36,28,0,3);
INSERT INTO "participants" VALUES(141,1,36,1,0,4);
INSERT INTO "participants" VALUES(142,1,37,3,0,1);
INSERT INTO "participants" VALUES(143,2,37,60,0,2);
INSERT INTO "participants" VALUES(144,3,37,72,1,3);
INSERT INTO "participants" VALUES(145,4,37,105,0,4);
INSERT INTO "participants" VALUES(146,5,38,139,0,1);
INSERT INTO "participants" VALUES(147,7,38,144,0,2);
INSERT INTO "participants" VALUES(148,2,38,31,1,3);
INSERT INTO "participants" VALUES(149,1,38,10,0,4);
INSERT INTO "participants" VALUES(150,6,39,99,0,1);
INSERT INTO "participants" VALUES(151,3,39,80,0,2);
INSERT INTO "participants" VALUES(152,4,39,124,1,3);
INSERT INTO "participants" VALUES(153,4,40,101,1,1);
INSERT INTO "participants" VALUES(154,2,40,28,0,2);
INSERT INTO "participants" VALUES(155,1,40,10,0,3);
INSERT INTO "participants" VALUES(156,6,41,87,0,1);
INSERT INTO "participants" VALUES(157,3,41,92,0,2);
INSERT INTO "participants" VALUES(158,7,41,145,1,3);
INSERT INTO "participants" VALUES(159,3,42,82,0,1);
INSERT INTO "participants" VALUES(160,1,42,6,1,2);
INSERT INTO "participants" VALUES(161,6,42,2,0,3);
INSERT INTO "participants" VALUES(162,4,43,110,0,1);
INSERT INTO "participants" VALUES(163,2,43,24,0,2);
INSERT INTO "participants" VALUES(164,7,43,145,1,3);
INSERT INTO "participants" VALUES(165,2,44,29,0,1);
INSERT INTO "participants" VALUES(166,1,44,3,1,2);
INSERT INTO "participants" VALUES(167,3,44,71,0,3);
INSERT INTO "participants" VALUES(168,2,45,27,0,1);
INSERT INTO "participants" VALUES(169,5,45,139,0,2);
INSERT INTO "participants" VALUES(170,1,45,10,1,3);
INSERT INTO "participants" VALUES(171,4,45,100,0,4);
INSERT INTO "participants" VALUES(172,3,46,95,0,1);
INSERT INTO "participants" VALUES(173,4,46,105,1,2);
INSERT INTO "participants" VALUES(174,2,46,63,0,3);
INSERT INTO "participants" VALUES(175,5,46,139,0,4);
INSERT INTO "participants" VALUES(176,1,46,14,0,5);
INSERT INTO "participants" VALUES(177,3,47,64,0,1);
INSERT INTO "participants" VALUES(178,1,47,3,1,2);
INSERT INTO "participants" VALUES(179,4,47,101,0,3);
INSERT INTO "participants" VALUES(180,2,47,24,0,4);
INSERT INTO "participants" VALUES(181,3,48,75,1,1);
INSERT INTO "participants" VALUES(182,1,48,1,0,2);
INSERT INTO "participants" VALUES(183,4,48,119,0,3);
INSERT INTO "participants" VALUES(184,2,48,30,0,4);
INSERT INTO "participants" VALUES(185,6,49,11,1,1);
INSERT INTO "participants" VALUES(186,2,49,27,0,2);
INSERT INTO "participants" VALUES(187,1,49,5,0,3);
INSERT INTO "participants" VALUES(188,4,49,103,0,4);
INSERT INTO "participants" VALUES(189,2,50,27,0,1);
INSERT INTO "participants" VALUES(190,1,50,1,1,2);
INSERT INTO "participants" VALUES(191,4,50,112,0,3);
INSERT INTO "participants" VALUES(192,6,50,3,0,4);
INSERT INTO "participants" VALUES(193,2,51,39,0,1);
INSERT INTO "participants" VALUES(194,3,51,90,0,2);
INSERT INTO "participants" VALUES(195,4,51,123,1,3);
INSERT INTO "participants" VALUES(196,5,51,15,0,4);
INSERT INTO "participants" VALUES(197,1,51,5,0,5);
INSERT INTO "participants" VALUES(198,1,52,14,0,1);
INSERT INTO "participants" VALUES(199,2,52,24,1,2);
INSERT INTO "participants" VALUES(200,3,52,70,0,3);
INSERT INTO "participants" VALUES(201,4,52,99,0,4);
INSERT INTO "participants" VALUES(202,5,53,9,0,1);
INSERT INTO "participants" VALUES(203,1,53,10,1,2);
INSERT INTO "participants" VALUES(204,2,53,29,0,3);
INSERT INTO "participants" VALUES(205,3,53,88,0,4);
INSERT INTO "participants" VALUES(206,4,53,105,0,5);
INSERT INTO "participants" VALUES(207,1,54,21,0,1);
INSERT INTO "participants" VALUES(208,2,54,29,1,2);
INSERT INTO "participants" VALUES(209,3,54,83,0,3);
INSERT INTO "participants" VALUES(210,5,54,9,0,4);
INSERT INTO "participants" VALUES(211,1,55,7,1,1);
INSERT INTO "participants" VALUES(212,3,55,84,0,2);
INSERT INTO "participants" VALUES(213,6,55,4,0,3);
INSERT INTO "participants" VALUES(214,5,55,5,0,4);
INSERT INTO "participants" VALUES(215,6,56,16,1,1);
INSERT INTO "participants" VALUES(216,5,56,1,0,2);
INSERT INTO "participants" VALUES(217,1,56,9,0,3);
INSERT INTO "participants" VALUES(218,3,56,66,0,4);
INSERT INTO "participants" VALUES(226,5,59,15,1,1);
INSERT INTO "participants" VALUES(227,1,59,5,0,2);
INSERT INTO "participants" VALUES(228,3,59,77,0,3);
INSERT INTO "participants" VALUES(229,5,60,6,0,1);
INSERT INTO "participants" VALUES(230,1,60,11,1,2);
INSERT INTO "participants" VALUES(231,2,60,35,0,3);
INSERT INTO "participants" VALUES(232,6,60,21,0,4);
INSERT INTO "participants" VALUES(233,1,61,1,0,1);
INSERT INTO "participants" VALUES(234,2,61,35,0,2);
INSERT INTO "participants" VALUES(235,6,61,10,1,3);
INSERT INTO "participants" VALUES(236,5,61,15,0,4);
INSERT INTO "participants" VALUES(237,6,62,11,1,1);
INSERT INTO "participants" VALUES(238,7,62,145,0,2);
INSERT INTO "participants" VALUES(239,1,62,3,0,3);
INSERT INTO "participants" VALUES(240,2,62,27,0,4);
INSERT INTO "participants" VALUES(241,6,63,4,0,1);
INSERT INTO "participants" VALUES(242,5,63,7,1,2);
INSERT INTO "participants" VALUES(243,1,63,13,0,3);
INSERT INTO "participants" VALUES(244,2,63,39,0,4);
INSERT INTO "participants" VALUES(245,2,64,31,0,1);
INSERT INTO "participants" VALUES(246,6,64,14,0,2);
INSERT INTO "participants" VALUES(247,5,64,9,1,3);
INSERT INTO "participants" VALUES(248,1,64,5,0,4);
INSERT INTO "participants" VALUES(249,6,65,12,0,1);
INSERT INTO "participants" VALUES(250,7,65,144,0,2);
INSERT INTO "participants" VALUES(251,1,65,3,0,3);
INSERT INTO "participants" VALUES(252,2,65,43,1,4);
INSERT INTO "participants" VALUES(253,2,66,30,1,1);
INSERT INTO "participants" VALUES(254,7,66,144,0,2);
INSERT INTO "participants" VALUES(255,1,66,13,0,3);
INSERT INTO "participants" VALUES(256,2,67,35,0,1);
INSERT INTO "participants" VALUES(257,1,67,13,1,2);
INSERT INTO "participants" VALUES(258,3,67,76,0,3);
INSERT INTO "participants" VALUES(259,4,67,109,0,4);
INSERT INTO "participants" VALUES(260,3,68,78,0,1);
INSERT INTO "participants" VALUES(261,4,68,120,1,2);
INSERT INTO "participants" VALUES(262,2,68,28,0,3);
INSERT INTO "participants" VALUES(263,1,68,5,0,4);
INSERT INTO "participants" VALUES(264,1,69,18,0,1);
INSERT INTO "participants" VALUES(265,5,69,9,0,2);
INSERT INTO "participants" VALUES(266,3,69,81,1,3);
INSERT INTO "participants" VALUES(267,2,69,53,0,4);
INSERT INTO "participants" VALUES(268,4,69,134,0,5);
INSERT INTO "participants" VALUES(269,4,70,100,0,1);
INSERT INTO "participants" VALUES(270,1,70,1,1,2);
INSERT INTO "participants" VALUES(271,3,70,71,0,3);
INSERT INTO "participants" VALUES(272,2,70,44,0,4);
INSERT INTO "participants" VALUES(273,2,71,27,0,1);
INSERT INTO "participants" VALUES(274,5,71,21,1,2);
INSERT INTO "participants" VALUES(275,1,71,18,0,3);
INSERT INTO "participants" VALUES(276,1,72,18,0,1);
INSERT INTO "participants" VALUES(277,2,72,50,1,2);
INSERT INTO "participants" VALUES(278,5,72,38,0,3);
INSERT INTO "participants" VALUES(279,4,73,107,0,1);
INSERT INTO "participants" VALUES(280,6,73,134,0,2);
INSERT INTO "participants" VALUES(281,3,73,79,1,3);
INSERT INTO "participants" VALUES(282,7,73,145,0,4);
INSERT INTO "participants" VALUES(283,1,74,3,1,1);
INSERT INTO "participants" VALUES(284,6,74,7,0,2);
INSERT INTO "participants" VALUES(285,7,74,144,0,3);
INSERT INTO "participants" VALUES(286,4,75,103,1,1);
INSERT INTO "participants" VALUES(287,2,75,25,0,2);
INSERT INTO "participants" VALUES(288,3,75,82,0,3);
INSERT INTO "participants" VALUES(289,5,76,9,0,1);
INSERT INTO "participants" VALUES(290,1,76,12,0,2);
INSERT INTO "participants" VALUES(291,3,76,87,1,3);
INSERT INTO "participants" VALUES(292,2,76,33,0,4);
INSERT INTO "participants" VALUES(293,1,77,10,0,1);
INSERT INTO "participants" VALUES(294,3,77,75,1,2);
INSERT INTO "participants" VALUES(295,2,77,33,0,3);
INSERT INTO "participants" VALUES(296,5,77,21,0,4);
INSERT INTO "participants" VALUES(297,3,78,76,0,1);
INSERT INTO "participants" VALUES(298,2,78,54,1,2);
INSERT INTO "participants" VALUES(299,7,78,144,0,3);
INSERT INTO "participants" VALUES(300,1,78,1,0,4);
INSERT INTO "participants" VALUES(301,3,79,64,0,1);
INSERT INTO "participants" VALUES(302,2,79,36,1,2);
INSERT INTO "participants" VALUES(303,4,79,97,0,3);
INSERT INTO "participants" VALUES(304,1,79,3,0,4);
INSERT INTO "participants" VALUES(305,2,80,24,0,1);
INSERT INTO "participants" VALUES(306,4,80,97,1,2);
INSERT INTO "participants" VALUES(307,1,80,12,0,3);
INSERT INTO "participants" VALUES(308,5,80,15,0,4);
INSERT INTO "participants" VALUES(309,3,80,84,0,5);
INSERT INTO "participants" VALUES(310,1,81,5,1,1);
INSERT INTO "participants" VALUES(311,5,81,21,0,2);
INSERT INTO "participants" VALUES(312,3,81,70,0,3);
INSERT INTO "participants" VALUES(313,4,82,121,1,1);
INSERT INTO "participants" VALUES(314,2,82,33,0,2);
INSERT INTO "participants" VALUES(315,7,82,144,0,3);
INSERT INTO "participants" VALUES(316,3,83,65,0,1);
INSERT INTO "participants" VALUES(317,1,83,4,1,2);
INSERT INTO "participants" VALUES(318,5,83,21,0,3);
INSERT INTO "participants" VALUES(319,1,84,19,0,1);
INSERT INTO "participants" VALUES(320,3,84,67,0,2);
INSERT INTO "participants" VALUES(321,5,84,141,1,3);
INSERT INTO "participants" VALUES(334,3,88,88,0,1);
INSERT INTO "participants" VALUES(335,2,88,42,0,2);
INSERT INTO "participants" VALUES(336,5,88,141,1,3);
INSERT INTO "participants" VALUES(337,1,88,19,0,4);
INSERT INTO "participants" VALUES(338,1,89,13,1,1);
INSERT INTO "participants" VALUES(339,3,89,83,0,2);
INSERT INTO "participants" VALUES(340,2,89,24,0,3);
INSERT INTO "participants" VALUES(341,7,89,145,0,4);
INSERT INTO "participants" VALUES(342,4,90,102,0,1);
INSERT INTO "participants" VALUES(343,1,90,12,1,2);
INSERT INTO "participants" VALUES(344,2,90,37,0,3);
INSERT INTO "participants" VALUES(345,5,91,141,0,1);
INSERT INTO "participants" VALUES(346,6,91,1,1,2);
INSERT INTO "participants" VALUES(347,3,91,87,0,3);
INSERT INTO "participants" VALUES(348,1,92,14,0,1);
INSERT INTO "participants" VALUES(349,6,92,21,1,2);
INSERT INTO "participants" VALUES(350,2,92,48,0,3);
INSERT INTO "participants" VALUES(351,1,93,11,1,1);
INSERT INTO "participants" VALUES(352,3,93,80,0,2);
INSERT INTO "participants" VALUES(353,2,93,49,0,3);
INSERT INTO "participants" VALUES(354,5,93,9,0,4);
INSERT INTO "participants" VALUES(355,7,94,144,0,1);
INSERT INTO "participants" VALUES(356,6,94,141,0,2);
INSERT INTO "participants" VALUES(357,3,94,77,1,3);
INSERT INTO "participants" VALUES(358,1,95,3,1,1);
INSERT INTO "participants" VALUES(359,2,95,28,0,2);
INSERT INTO "participants" VALUES(360,5,95,21,0,3);
INSERT INTO "participants" VALUES(361,6,96,12,1,1);
INSERT INTO "participants" VALUES(362,3,96,70,0,2);
INSERT INTO "participants" VALUES(363,1,96,4,0,3);
INSERT INTO "participants" VALUES(364,2,97,37,0,1);
INSERT INTO "participants" VALUES(365,5,97,9,0,2);
INSERT INTO "participants" VALUES(366,7,97,145,1,3);
INSERT INTO "participants" VALUES(367,6,98,19,0,1);
INSERT INTO "participants" VALUES(368,5,98,141,0,2);
INSERT INTO "participants" VALUES(369,1,98,15,0,3);
INSERT INTO "participants" VALUES(370,3,98,71,1,4);
INSERT INTO "participants" VALUES(371,1,99,6,0,1);
INSERT INTO "participants" VALUES(372,2,99,59,1,2);
INSERT INTO "participants" VALUES(373,4,99,116,0,3);
INSERT INTO "participants" VALUES(374,3,99,89,0,4);
INSERT INTO "participants" VALUES(375,1,100,12,0,1);
INSERT INTO "participants" VALUES(376,5,100,9,0,2);
INSERT INTO "participants" VALUES(377,4,100,118,1,3);
INSERT INTO "participants" VALUES(378,6,101,134,0,1);
INSERT INTO "participants" VALUES(379,2,101,28,0,2);
INSERT INTO "participants" VALUES(380,3,101,72,1,3);
INSERT INTO "participants" VALUES(381,5,102,141,0,1);
INSERT INTO "participants" VALUES(382,7,102,144,0,2);
INSERT INTO "participants" VALUES(383,4,102,131,0,3);
INSERT INTO "participants" VALUES(384,1,102,1,1,4);
INSERT INTO "participants" VALUES(385,3,103,73,1,1);
INSERT INTO "participants" VALUES(386,6,103,70,0,2);
INSERT INTO "participants" VALUES(387,2,103,32,0,3);
INSERT INTO "participants" VALUES(388,5,104,2,1,1);
INSERT INTO "participants" VALUES(389,1,104,10,0,2);
INSERT INTO "participants" VALUES(390,3,104,69,0,3);
INSERT INTO "participants" VALUES(391,3,105,79,0,1);
INSERT INTO "participants" VALUES(392,5,105,1,0,2);
INSERT INTO "participants" VALUES(393,1,105,5,1,3);
INSERT INTO "participants" VALUES(394,2,106,31,0,1);
INSERT INTO "participants" VALUES(395,5,106,141,1,2);
INSERT INTO "participants" VALUES(396,1,106,3,0,3);
INSERT INTO "participants" VALUES(397,3,106,72,0,4);
INSERT INTO "participants" VALUES(398,2,107,26,0,1);
INSERT INTO "participants" VALUES(399,5,107,141,0,2);
INSERT INTO "participants" VALUES(400,1,107,11,0,3);
INSERT INTO "participants" VALUES(401,4,107,113,1,4);
INSERT INTO "participants" VALUES(402,4,108,106,0,1);
INSERT INTO "participants" VALUES(403,2,108,49,1,2);
INSERT INTO "participants" VALUES(404,5,108,141,0,3);
INSERT INTO "participants" VALUES(405,1,108,11,0,4);
INSERT INTO "participants" VALUES(406,3,108,66,0,5);
INSERT INTO "participants" VALUES(407,3,109,85,1,1);
INSERT INTO "participants" VALUES(408,4,109,116,0,2);
INSERT INTO "participants" VALUES(409,2,109,24,0,3);
INSERT INTO "participants" VALUES(410,5,109,141,0,4);
INSERT INTO "participants" VALUES(411,1,109,1,0,5);
INSERT INTO "participants" VALUES(412,1,110,4,0,1);
INSERT INTO "participants" VALUES(413,7,110,145,0,2);
INSERT INTO "participants" VALUES(414,8,110,1,1,3);
INSERT INTO "participants" VALUES(415,2,111,30,0,1);
INSERT INTO "participants" VALUES(416,1,111,7,1,2);
INSERT INTO "participants" VALUES(417,3,111,69,0,3);
INSERT INTO "participants" VALUES(418,6,112,116,1,1);
INSERT INTO "participants" VALUES(419,5,112,141,0,2);
INSERT INTO "participants" VALUES(420,4,112,102,0,3);
INSERT INTO "participants" VALUES(421,1,113,6,0,1);
INSERT INTO "participants" VALUES(422,6,113,15,0,2);
INSERT INTO "participants" VALUES(423,2,113,25,1,3);
INSERT INTO "participants" VALUES(424,4,114,115,0,1);
INSERT INTO "participants" VALUES(425,3,114,66,1,2);
INSERT INTO "participants" VALUES(426,5,114,9,0,3);
INSERT INTO "participants" VALUES(427,5,115,21,1,1);
INSERT INTO "participants" VALUES(428,4,115,103,0,2);
INSERT INTO "participants" VALUES(429,3,115,65,0,3);
INSERT INTO "participants" VALUES(430,1,116,9,1,1);
INSERT INTO "participants" VALUES(431,3,116,81,0,2);
INSERT INTO "participants" VALUES(432,5,116,141,0,3);
INSERT INTO "participants" VALUES(433,4,117,109,0,1);
INSERT INTO "participants" VALUES(434,6,117,7,1,2);
INSERT INTO "participants" VALUES(435,2,117,26,0,3);
INSERT INTO "participants" VALUES(436,2,118,46,1,1);
INSERT INTO "participants" VALUES(437,4,118,111,0,2);
INSERT INTO "participants" VALUES(438,1,118,8,0,3);
INSERT INTO "participants" VALUES(439,3,118,91,0,4);
INSERT INTO "participants" VALUES(440,4,119,104,0,1);
INSERT INTO "participants" VALUES(441,1,119,8,0,2);
INSERT INTO "participants" VALUES(442,5,119,141,1,3);
INSERT INTO "participants" VALUES(443,3,119,96,0,4);
INSERT INTO "participants" VALUES(444,2,119,40,0,5);
INSERT INTO "participants" VALUES(445,5,120,9,0,1);
INSERT INTO "participants" VALUES(446,3,120,74,0,2);
INSERT INTO "participants" VALUES(447,2,120,40,0,3);
INSERT INTO "participants" VALUES(448,4,120,104,1,4);
INSERT INTO "participants" VALUES(449,1,120,8,0,5);
INSERT INTO "participants" VALUES(450,7,121,144,0,1);
INSERT INTO "participants" VALUES(451,5,121,21,1,2);
INSERT INTO "participants" VALUES(452,1,121,14,0,3);
INSERT INTO "participants" VALUES(453,8,121,12,0,4);
INSERT INTO "participants" VALUES(454,1,122,8,0,1);
INSERT INTO "participants" VALUES(455,3,122,74,0,2);
INSERT INTO "participants" VALUES(456,7,122,144,0,3);
INSERT INTO "participants" VALUES(457,5,122,141,1,4);
INSERT INTO "participants" VALUES(458,1,123,1,0,1);
INSERT INTO "participants" VALUES(459,3,123,68,1,2);
INSERT INTO "participants" VALUES(460,2,123,34,0,3);
INSERT INTO "participants" VALUES(461,5,123,21,0,4);
INSERT INTO "participants" VALUES(462,5,124,141,0,1);
INSERT INTO "participants" VALUES(463,1,124,17,0,2);
INSERT INTO "participants" VALUES(464,3,124,64,0,3);
INSERT INTO "participants" VALUES(465,2,124,34,1,4);
INSERT INTO "participants" VALUES(466,4,125,111,0,1);
INSERT INTO "participants" VALUES(467,1,125,4,0,2);
INSERT INTO "participants" VALUES(468,3,125,74,0,3);
INSERT INTO "participants" VALUES(469,2,125,34,1,4);
INSERT INTO "participants" VALUES(470,1,126,17,0,1);
INSERT INTO "participants" VALUES(471,3,126,75,1,2);
INSERT INTO "participants" VALUES(472,2,126,45,0,3);
INSERT INTO "participants" VALUES(473,6,126,7,0,4);
INSERT INTO "participants" VALUES(474,5,127,21,0,1);
INSERT INTO "participants" VALUES(475,7,127,144,0,2);
INSERT INTO "participants" VALUES(476,4,127,102,1,3);
INSERT INTO "participants" VALUES(477,7,128,145,0,1);
INSERT INTO "participants" VALUES(478,1,128,8,0,2);
INSERT INTO "participants" VALUES(479,5,128,141,1,3);
INSERT INTO "participants" VALUES(480,2,129,45,1,1);
INSERT INTO "participants" VALUES(481,6,129,4,0,2);
INSERT INTO "participants" VALUES(482,4,129,106,0,3);
INSERT INTO "participants" VALUES(483,3,129,68,0,4);
INSERT INTO "participants" VALUES(484,6,130,4,0,1);
INSERT INTO "participants" VALUES(485,1,130,8,1,2);
INSERT INTO "participants" VALUES(486,5,130,141,0,3);
INSERT INTO "participants" VALUES(487,4,131,113,0,1);
INSERT INTO "participants" VALUES(488,3,131,68,1,2);
INSERT INTO "participants" VALUES(489,2,131,46,0,3);
INSERT INTO "participants" VALUES(490,5,132,141,0,1);
INSERT INTO "participants" VALUES(491,3,132,64,0,2);
INSERT INTO "participants" VALUES(492,4,132,122,1,3);
INSERT INTO "participants" VALUES(493,1,132,11,0,4);
INSERT INTO "participants" VALUES(494,3,133,68,1,1);
INSERT INTO "participants" VALUES(495,4,133,106,0,2);
INSERT INTO "participants" VALUES(496,1,133,1,0,3);
INSERT INTO "participants" VALUES(497,5,133,141,0,4);
INSERT INTO "participants" VALUES(498,5,134,10,1,1);
INSERT INTO "participants" VALUES(499,3,134,69,0,2);
INSERT INTO "participants" VALUES(500,4,134,98,0,3);
INSERT INTO "participants" VALUES(501,1,134,17,0,4);
INSERT INTO "participants" VALUES(502,1,135,6,0,1);
INSERT INTO "participants" VALUES(503,3,135,73,0,2);
INSERT INTO "participants" VALUES(504,2,135,25,1,3);
INSERT INTO "participants" VALUES(505,1,136,1,0,1);
INSERT INTO "participants" VALUES(506,2,136,52,1,2);
INSERT INTO "participants" VALUES(507,4,136,138,0,3);
INSERT INTO "participants" VALUES(508,5,136,141,0,4);
INSERT INTO "participants" VALUES(509,3,137,93,0,1);
INSERT INTO "participants" VALUES(510,7,137,144,0,2);
INSERT INTO "participants" VALUES(511,6,137,142,1,3);
INSERT INTO "participants" VALUES(512,4,138,104,1,1);
INSERT INTO "participants" VALUES(513,6,138,142,0,2);
INSERT INTO "participants" VALUES(514,1,138,8,0,3);
INSERT INTO "participants" VALUES(515,2,138,47,0,4);
INSERT INTO "participants" VALUES(516,5,139,141,0,1);
INSERT INTO "participants" VALUES(517,3,139,74,1,2);
INSERT INTO "participants" VALUES(518,7,139,145,0,3);
INSERT INTO "participants" VALUES(522,5,141,10,0,1);
INSERT INTO "participants" VALUES(523,2,141,47,1,2);
INSERT INTO "participants" VALUES(524,1,141,20,0,3);
INSERT INTO "participants" VALUES(525,6,142,143,0,1);
INSERT INTO "participants" VALUES(526,3,142,64,1,2);
INSERT INTO "participants" VALUES(527,4,142,136,0,3);
INSERT INTO "participants" VALUES(528,5,143,10,1,1);
INSERT INTO "participants" VALUES(529,6,143,142,0,2);
INSERT INTO "participants" VALUES(530,1,143,5,0,3);
INSERT INTO "participants" VALUES(531,3,143,68,0,4);
INSERT INTO "participants" VALUES(532,7,144,144,1,1);
INSERT INTO "participants" VALUES(533,1,144,6,0,2);
INSERT INTO "participants" VALUES(534,5,144,141,0,3);
INSERT INTO "participants" VALUES(535,8,144,148,0,4);
INSERT INTO "participants" VALUES(536,5,145,10,1,1);
INSERT INTO "participants" VALUES(537,8,145,147,0,2);
INSERT INTO "participants" VALUES(538,7,145,145,0,3);
INSERT INTO "participants" VALUES(539,1,145,12,0,4);
INSERT INTO "participants" VALUES(540,5,146,9,0,1);
INSERT INTO "participants" VALUES(541,8,146,146,1,2);
INSERT INTO "participants" VALUES(542,7,146,144,0,3);
INSERT INTO "participants" VALUES(543,1,146,20,0,4);
INSERT INTO "participants" VALUES(544,6,147,115,0,1);
INSERT INTO "participants" VALUES(545,2,147,32,0,2);
INSERT INTO "participants" VALUES(546,3,147,65,1,3);
INSERT INTO "participants" VALUES(547,4,147,117,0,4);
INSERT INTO "participants" VALUES(548,4,148,117,0,1);
INSERT INTO "participants" VALUES(549,6,148,134,0,2);
INSERT INTO "participants" VALUES(550,2,148,62,1,3);
INSERT INTO "participants" VALUES(551,3,148,69,0,4);
INSERT INTO "participants" VALUES(552,2,149,25,1,1);
INSERT INTO "participants" VALUES(553,3,149,67,0,2);
INSERT INTO "participants" VALUES(554,4,149,100,0,3);
INSERT INTO "participants" VALUES(555,6,149,140,0,4);
INSERT INTO "participants" VALUES(556,2,150,26,0,1);
INSERT INTO "participants" VALUES(557,3,150,94,0,2);
INSERT INTO "participants" VALUES(558,4,150,101,1,3);
INSERT INTO "participants" VALUES(559,6,150,140,0,4);
INSERT INTO "participants" VALUES(560,4,151,149,1,1);
INSERT INTO "participants" VALUES(561,2,151,51,0,2);
INSERT INTO "participants" VALUES(562,1,151,150,0,3);
INSERT INTO "participants" VALUES(563,6,152,142,0,1);
INSERT INTO "participants" VALUES(564,7,152,144,0,2);
INSERT INTO "participants" VALUES(565,5,152,141,1,3);
INSERT INTO "participants" VALUES(566,3,152,151,0,4);
INSERT INTO "participants" VALUES(567,4,153,152,0,1);
INSERT INTO "participants" VALUES(568,1,153,150,0,2);
INSERT INTO "participants" VALUES(569,2,153,38,0,3);
INSERT INTO "participants" VALUES(570,3,153,69,1,4);
INSERT INTO "participants" VALUES(571,6,153,142,0,5);
INSERT INTO "participants" VALUES(572,2,154,56,0,1);
INSERT INTO "participants" VALUES(573,7,154,147,0,2);
INSERT INTO "participants" VALUES(574,1,154,1,0,3);
INSERT INTO "participants" VALUES(575,5,154,141,1,4);
INSERT INTO "participants" VALUES(576,2,155,40,0,1);
INSERT INTO "participants" VALUES(577,7,155,59,1,2);
INSERT INTO "participants" VALUES(578,1,155,14,0,3);
INSERT INTO "participants" VALUES(579,5,155,10,0,4);
INSERT INTO "participants" VALUES(580,1,156,12,0,1);
INSERT INTO "participants" VALUES(581,5,156,10,0,2);
INSERT INTO "participants" VALUES(582,3,156,93,0,3);
INSERT INTO "participants" VALUES(583,2,156,35,1,4);
INSERT INTO "participants" VALUES(584,6,156,143,0,5);
INSERT INTO "participants" VALUES(585,4,157,153,0,1);
INSERT INTO "participants" VALUES(586,3,157,88,1,2);
INSERT INTO "participants" VALUES(587,2,157,56,0,3);
INSERT INTO "participants" VALUES(588,1,157,19,0,4);
INSERT INTO "participants" VALUES(589,5,157,141,0,5);
INSERT INTO "participants" VALUES(590,1,158,17,0,1);
INSERT INTO "participants" VALUES(591,4,158,154,0,2);
INSERT INTO "participants" VALUES(592,3,158,155,0,3);
INSERT INTO "participants" VALUES(593,2,158,58,1,4);
INSERT INTO "participants" VALUES(594,3,159,82,0,1);
INSERT INTO "participants" VALUES(595,2,159,51,0,2);
INSERT INTO "participants" VALUES(596,1,159,5,0,3);
INSERT INTO "participants" VALUES(597,4,159,156,1,4);
INSERT INTO "participants" VALUES(598,1,160,150,1,1);
INSERT INTO "participants" VALUES(599,4,160,149,0,2);
INSERT INTO "participants" VALUES(600,3,160,66,0,3);
INSERT INTO "participants" VALUES(601,2,160,28,0,4);
INSERT INTO "participants" VALUES(602,7,161,144,1,1);
INSERT INTO "participants" VALUES(603,8,161,148,0,2);
INSERT INTO "participants" VALUES(604,1,161,7,0,3);
INSERT INTO "participants" VALUES(605,4,162,138,1,1);
INSERT INTO "participants" VALUES(606,1,162,1,0,2);
INSERT INTO "participants" VALUES(607,2,162,28,0,3);
INSERT INTO "participants" VALUES(608,1,163,9,0,1);
INSERT INTO "participants" VALUES(609,2,163,28,0,2);
INSERT INTO "participants" VALUES(610,3,163,80,0,3);
INSERT INTO "participants" VALUES(611,4,163,149,1,4);
INSERT INTO "participants" VALUES(612,1,164,5,0,1);
INSERT INTO "participants" VALUES(613,2,164,28,0,2);
INSERT INTO "participants" VALUES(614,3,164,68,0,3);
INSERT INTO "participants" VALUES(615,4,164,154,1,4);
INSERT INTO "participants" VALUES(616,3,165,67,0,1);
INSERT INTO "participants" VALUES(617,4,165,111,0,2);
INSERT INTO "participants" VALUES(618,1,165,4,0,3);
INSERT INTO "participants" VALUES(619,2,165,44,1,4);
INSERT INTO "participants" VALUES(620,3,166,89,0,1);
INSERT INTO "participants" VALUES(621,6,166,142,0,2);
INSERT INTO "participants" VALUES(622,5,166,141,0,3);
INSERT INTO "participants" VALUES(623,1,166,157,1,4);
INSERT INTO "participants" VALUES(624,2,166,28,0,5);
INSERT INTO "participants" VALUES(625,5,167,10,0,1);
INSERT INTO "participants" VALUES(626,1,167,157,1,2);
INSERT INTO "participants" VALUES(627,3,167,155,0,3);
INSERT INTO "participants" VALUES(628,6,167,143,0,4);
CREATE TABLE players (
    player_id INTEGER PRIMARY KEY AUTOINCREMENT,
    player_name TEXT NOT NULL
);
INSERT INTO "players" VALUES(1,'Ethan');
INSERT INTO "players" VALUES(2,'Troy');
INSERT INTO "players" VALUES(3,'Kellen');
INSERT INTO "players" VALUES(4,'Alex');
INSERT INTO "players" VALUES(5,'Kayla');
INSERT INTO "players" VALUES(6,'Rohan');
INSERT INTO "players" VALUES(7,'Colt');
INSERT INTO "players" VALUES(8,'Max');
DELETE FROM "sqlite_sequence";
INSERT INTO "sqlite_sequence" VALUES('players',8);
INSERT INTO "sqlite_sequence" VALUES('decks',157);
INSERT INTO "sqlite_sequence" VALUES('games',167);
INSERT INTO "sqlite_sequence" VALUES('participants',628);
COMMIT;
